{"chunk_definitions":[{"row":14,"row_count":1,"visible":true,"expansion_state":0,"options":{"engine":"r","label":"unnamed-chunk-1","dev":"png"},"document_id":"384E8EDE","chunk_id":"cgosflre6l9z7","chunk_label":"unnamed-chunk-1"},{"row":19,"row_count":1,"visible":true,"expansion_state":0,"options":{},"document_id":"384E8EDE","chunk_id":"cyb5gmgrgiftg","chunk_label":"unnamed-chunk-2"},{"row":25,"row_count":1,"visible":true,"expansion_state":0,"options":{},"document_id":"384E8EDE","chunk_id":"cnfb7sx6dtxk0","chunk_label":"unnamed-chunk-3"},{"row":39,"row_count":1,"visible":true,"expansion_state":0,"options":{},"document_id":"384E8EDE","chunk_id":"c9y43yp45fjvp","chunk_label":"unnamed-chunk-4"},{"row":43,"row_count":1,"visible":true,"expansion_state":0,"options":{},"document_id":"384E8EDE","chunk_id":"c3edj8u5bpit1","chunk_label":"unnamed-chunk-5"},{"row":48,"row_count":1,"visible":true,"expansion_state":0,"options":{},"document_id":"384E8EDE","chunk_id":"c5rmsowcel5gj","chunk_label":"unnamed-chunk-6"},{"row":52,"row_count":1,"visible":true,"expansion_state":0,"options":{},"document_id":"384E8EDE","chunk_id":"c9muwps0qfhl7","chunk_label":"unnamed-chunk-7"},{"row":59,"row_count":1,"visible":true,"expansion_state":0,"options":{},"document_id":"384E8EDE","chunk_id":"colhy9wissw6s","chunk_label":"unnamed-chunk-8"},{"row":63,"row_count":1,"visible":true,"expansion_state":0,"options":{},"document_id":"384E8EDE","chunk_id":"cgb17o9bjfh01","chunk_label":"unnamed-chunk-9"},{"row":67,"row_count":1,"visible":true,"expansion_state":0,"options":{},"document_id":"384E8EDE","chunk_id":"ciqzfij7zorze","chunk_label":"unnamed-chunk-10"},{"row":78,"row_count":1,"visible":true,"expansion_state":0,"options":{},"document_id":"384E8EDE","chunk_id":"c66tkq0zvn1ut","chunk_label":"unnamed-chunk-11"},{"row":89,"row_count":1,"visible":true,"expansion_state":0,"options":{},"document_id":"384E8EDE","chunk_id":"cx7g7qsl0q08x","chunk_label":"unnamed-chunk-12"},{"row":99,"row_count":1,"visible":true,"expansion_state":0,"options":{},"document_id":"384E8EDE","chunk_id":"csz8rt89a82lg","chunk_label":"unnamed-chunk-13"},{"row":108,"row_count":1,"visible":true,"expansion_state":0,"options":{},"document_id":"384E8EDE","chunk_id":"cozg3ztdepqso","chunk_label":"unnamed-chunk-14"},{"row":126,"row_count":1,"visible":true,"expansion_state":0,"options":{},"document_id":"384E8EDE","chunk_id":"c3ad4tlgasdd5","chunk_label":"unnamed-chunk-15"},{"row":156,"row_count":1,"visible":true,"expansion_state":0,"options":{},"document_id":"384E8EDE","chunk_id":"c3flomlnt1xz6","chunk_label":"unnamed-chunk-16"},{"row":160,"row_count":1,"visible":true,"expansion_state":0,"options":{},"document_id":"384E8EDE","chunk_id":"ccwzlrgrpntv0","chunk_label":"unnamed-chunk-17"},{"row":167,"row_count":1,"visible":true,"expansion_state":0,"options":{},"document_id":"384E8EDE","chunk_id":"cvr83xn1c25xi","chunk_label":"unnamed-chunk-18"},{"row":172,"row_count":1,"visible":true,"expansion_state":0,"options":{},"document_id":"384E8EDE","chunk_id":"c1twba4vq0con","chunk_label":"unnamed-chunk-19"},{"row":176,"row_count":1,"visible":true,"expansion_state":0,"options":{},"document_id":"384E8EDE","chunk_id":"csg48fo1nkijv","chunk_label":"unnamed-chunk-20"},{"row":180,"row_count":1,"visible":true,"expansion_state":0,"options":{},"document_id":"384E8EDE","chunk_id":"cf8xwxjk1jv82","chunk_label":"unnamed-chunk-21"},{"row":185,"row_count":1,"visible":true,"expansion_state":0,"options":{},"document_id":"384E8EDE","chunk_id":"c0s984l3q06yp","chunk_label":"unnamed-chunk-22"},{"row":315,"row_count":1,"visible":true,"expansion_state":0,"options":{},"document_id":"384E8EDE","chunk_id":"col6l7qg7amq4","chunk_label":"unnamed-chunk-23"},{"row":327,"row_count":1,"visible":true,"expansion_state":0,"options":{},"document_id":"384E8EDE","chunk_id":"cfp1shihfzmt0","chunk_label":"unnamed-chunk-24"},{"row":374,"row_count":1,"visible":true,"expansion_state":0,"options":{},"document_id":"384E8EDE","chunk_id":"cgco3pssujnv6","chunk_label":"unnamed-chunk-25"},{"row":418,"row_count":1,"visible":true,"expansion_state":0,"options":{},"document_id":"384E8EDE","chunk_id":"cz1fg09nziwf7","chunk_label":"unnamed-chunk-26"},{"row":473,"row_count":1,"visible":true,"expansion_state":0,"options":{},"document_id":"384E8EDE","chunk_id":"cfif00k6k2buc","chunk_label":"unnamed-chunk-27"},{"row":495,"row_count":1,"visible":true,"expansion_state":0,"options":{},"document_id":"384E8EDE","chunk_id":"c8p3dd9kwbwet","chunk_label":"unnamed-chunk-28"},{"row":502,"row_count":1,"visible":true,"expansion_state":0,"options":{},"document_id":"384E8EDE","chunk_id":"cka1031vzvfhu","chunk_label":"unnamed-chunk-29"},{"row":509,"row_count":1,"visible":true,"expansion_state":0,"options":{},"document_id":"384E8EDE","chunk_id":"c46m1cke44lmt","chunk_label":"unnamed-chunk-30"},{"row":524,"row_count":1,"visible":true,"expansion_state":0,"options":{},"document_id":"384E8EDE","chunk_id":"cqei9xm8aiptq","chunk_label":"unnamed-chunk-31"},{"row":542,"row_count":1,"visible":true,"expansion_state":0,"options":{},"document_id":"384E8EDE","chunk_id":"cxt81kkw7uucu","chunk_label":"unnamed-chunk-32"},{"row":547,"row_count":1,"visible":true,"expansion_state":0,"options":{},"document_id":"384E8EDE","chunk_id":"cgf9x9shf8yx6","chunk_label":"unnamed-chunk-33"},{"row":556,"row_count":1,"visible":true,"expansion_state":0,"options":{},"document_id":"384E8EDE","chunk_id":"cwbdcjbse5lb5","chunk_label":"unnamed-chunk-34"},{"row":573,"row_count":1,"visible":true,"expansion_state":0,"options":{},"document_id":"384E8EDE","chunk_id":"c26m8u17koqng","chunk_label":"unnamed-chunk-35"},{"row":584,"row_count":1,"visible":true,"expansion_state":0,"options":{},"document_id":"384E8EDE","chunk_id":"cazdwqgfvdxq8","chunk_label":"unnamed-chunk-36"},{"row":614,"row_count":1,"visible":true,"expansion_state":0,"options":{},"document_id":"384E8EDE","chunk_id":"cfqwtbogq0v0h","chunk_label":"unnamed-chunk-37"},{"row":619,"row_count":1,"visible":true,"expansion_state":0,"options":{},"document_id":"384E8EDE","chunk_id":"c5ib1v6rob45n","chunk_label":"unnamed-chunk-38"},{"row":635,"row_count":1,"visible":true,"expansion_state":0,"options":{},"document_id":"384E8EDE","chunk_id":"ctlvgwf0kzzly","chunk_label":"unnamed-chunk-39"},{"row":641,"row_count":1,"visible":true,"expansion_state":0,"options":{},"document_id":"384E8EDE","chunk_id":"clqqjlmiyv611","chunk_label":"unnamed-chunk-40"},{"row":645,"row_count":1,"visible":true,"expansion_state":0,"options":{},"document_id":"384E8EDE","chunk_id":"crtigqv1l9fak","chunk_label":"unnamed-chunk-41"},{"row":651,"row_count":1,"visible":true,"expansion_state":0,"options":{},"document_id":"384E8EDE","chunk_id":"cg6e69ozb0f72","chunk_label":"unnamed-chunk-42"},{"row":657,"row_count":1,"visible":true,"expansion_state":0,"options":{},"document_id":"384E8EDE","chunk_id":"ccjgtc4amhj6z","chunk_label":"unnamed-chunk-43"},{"row":661,"row_count":1,"visible":true,"expansion_state":0,"options":{},"document_id":"384E8EDE","chunk_id":"cfuko2ok24mbb","chunk_label":"unnamed-chunk-44"},{"row":667,"row_count":1,"visible":true,"expansion_state":0,"options":{},"document_id":"384E8EDE","chunk_id":"cm6pd0tsu5typ","chunk_label":"unnamed-chunk-45"},{"row":680,"row_count":1,"visible":true,"expansion_state":0,"options":{},"document_id":"384E8EDE","chunk_id":"cnwc8aiefydmh","chunk_label":"unnamed-chunk-46"},{"row":731,"row_count":1,"visible":true,"expansion_state":0,"options":{},"document_id":"384E8EDE","chunk_id":"c1qeexd7vjur1","chunk_label":"unnamed-chunk-47"},{"row":757,"row_count":1,"visible":true,"expansion_state":0,"options":{},"document_id":"384E8EDE","chunk_id":"csn0mhjow92xl","chunk_label":"unnamed-chunk-48"},{"row":766,"row_count":1,"visible":true,"expansion_state":0,"options":{},"document_id":"384E8EDE","chunk_id":"cst8tetpd6485","chunk_label":"unnamed-chunk-49"},{"row":780,"row_count":1,"visible":true,"expansion_state":0,"options":{},"document_id":"384E8EDE","chunk_id":"cckald22q6gbk","chunk_label":"unnamed-chunk-50"},{"row":801,"row_count":1,"visible":true,"expansion_state":0,"options":{},"document_id":"384E8EDE","chunk_id":"cwguhh9gdmfpz","chunk_label":"unnamed-chunk-51"},{"row":805,"row_count":1,"visible":true,"expansion_state":0,"options":{},"document_id":"384E8EDE","chunk_id":"c5f9qfytbys3c","chunk_label":"unnamed-chunk-52"},{"row":809,"row_count":1,"visible":true,"expansion_state":0,"options":{},"document_id":"384E8EDE","chunk_id":"ctk5cg5gx9sl8","chunk_label":"unnamed-chunk-53"},{"row":819,"row_count":1,"visible":true,"expansion_state":0,"options":{},"document_id":"384E8EDE","chunk_id":"csnptkynhet41","chunk_label":"unnamed-chunk-54"},{"row":839,"row_count":1,"visible":true,"expansion_state":0,"options":{},"document_id":"384E8EDE","chunk_id":"c96sw1gmjt1lr","chunk_label":"unnamed-chunk-55"}],"doc_write_time":1735468863}